{"ETHUSD": 0.8215838362577491, "XBTH20": 0.406842451241726, "XBTUSD": 0.8215838362577491, "XBTZ19": 0.8215838362577491, "btc": 0.8215838362577491}