{"BTC-PERPETUAL": 0.31103528374855016, "btc": 0.3115617828217196}