{"ETH-27MAR20": 0.8348234780382189, "BTC-27DEC19": 0.8215838362577491, "btc": 0.8943834046876269, "ETH-PERPETUAL": 0.8350290716680386, "BTC-27MAR20": 0.8221623440658375, "BTC-PERPETUAL": 0.8785385312311883, "ETH-27DEC19": 0.8350158064252631}