{"BTC-27DEC19": 0.46911552146328195, "BTC-27MAR20": 0.3424442925778644, "BTC-PERPETUAL": 0.4689391408688824, "ETH-27DEC19": 0.45839146725223623, "ETH-27MAR20": 0.48443564005374823, "ETH-PERPETUAL": 0.5502862228564318, "btc": 0.4604102656624663}