{"btc": 0.3295942136314328, "BTC-PERPETUAL": 0.3206860017577084}