{"BTC-PERPETUAL": 0.4518557903383484, "btc": 0.5020353269806678}