{"BTC-PERPETUAL": 0.31064644679828096, "btc": 0.5980466471459024}