{"BTC-PERPETUAL": 0.3125757454040481, "btc": 0.3142192407260311}