{"BTC-PERPETUAL": 0.47608078029863005, "btc": 0.5646525293559549}