{"BTC-27DEC19": 0.0003419717520451658, "BTC-27MAR20": 0.0395134750748697, "BTC-PERPETUAL": 0.31003099092913794, "btc": 0.3155273339595284}