{"BTC-PERPETUAL": 1.0540629831918655, "btc": 1.2934840500097566}